--INSERT INTO Cafes.Cafe(NIF,nome,morada) VALUES(411766585,'dictum. Phasellus','375-9706 Metus. Rd.'),(530435413,'sollicitudin a,','2807 Nisi. Street'),(577791382,'nisi a','4722 Quis, Rd.'),(658325127,'neque. Sed','379-6870 Ornare St.'),(681397292,'Sed dictum.','4919 Elit Rd.'),(726903330,'at auctor','370-2615 Nunc Road'),(742894911,'ut odio','Ap #658-7265 Purus Avenue'),(753654993,'nec, diam.','Ap #597-6014 Eu St.'),(379288174,'ut, nulla.','P.O. Box 617, 1146 Ipsum Rd.'),(860598746,'aliquam eu,','888-6584 Dolor. Ave'),(892065174,'risus. Morbi','Ap #612-6042 Arcu Rd.');
--INSERT INTO Cafes.Cafe([NIF],[nome],[morada]) VALUES(619248943,'vitae, sodales','Ap #907-404 Velit. St.'),(942488398,'enim. Curabitur','426-2484 Leo. St.'),(583940249,'sollicitudin orci','Ap #659-6930 Nulla. Avenue'),(798813425,'dui, semper','839-3111 Fames Street'),(653133221,'et magnis','Ap #212-5157 Congue St.'),(211327138,'Quisque ornare','456-2484 Leo. St.'),(789830372,'lobortis augue','508-4022 Metus Street'),(723791278,'Nulla semper','Ap #307-404 Velit. St.'),(719581035,'ante lectus','Ap #367-404 Velit. St.'),(358222851,'imperdiet ornare.','208-4022 Metus Street');
--INSERT INTO Cafes.Cafe([NIF],[nome],[morada]) VALUES(862486192,'mattis ornare,','Ap #903-404 Velit. St.'),(971418125,'nunc sed','148-1773 Interdum. St.'),(694977571,'nec tempus','9283 Non, Avenue'),(248747427,'vel turpis.','Ap #897-9068 Sed St.'),(183370700,'egestas. Aliquam','927 Scelerisque Avenue'),(530245861,'Ut tincidunt','Ap #863-8812 Urna Av.'),(813177521,'orci. Ut','7157 Eros Rd.'),(427977540,'tempus risus.','243-4022 Mario Street'),(472192179,'purus, in','Ap #707-404 Velit. St.'),(998565502,'Nullam nisl.','508-302 Metus Street');

--INSERT INTO Cafes.Cafe_Bar(NIF,nome,morada) VALUES(411766585,'dictum. Phasellus','375-9706 Metus. Rd.'),(530435413,'sollicitudin a,','2807 Nisi. Street'),(577791382,'nisi a','4722 Quis, Rd.'),(658325127,'neque. Sed','379-6870 Ornare St.'),(681397292,'Sed dictum.','4919 Elit Rd.'),(726903330,'at auctor','370-2615 Nunc Road'),(742894911,'ut odio','Ap #658-7265 Purus Avenue'),(753654993,'nec, diam.','Ap #597-6014 Eu St.'),(379288174,'ut, nulla.','P.O. Box 617, 1146 Ipsum Rd.'),(860598746,'aliquam eu,','888-6584 Dolor. Ave'),(892065174,'risus. Morbi','Ap #612-6042 Arcu Rd.');
--INSERT INTO Cafes.Cafe_Pastelaria(NIF,nome,morada,no_bolos) VALUES(619248943,'mi lacinia','101 Ligula. Avenue',98),(942488398,'urna. Nunc','3913 Dolor Street',132),(583940249,'risus quis','4341 Quam Avenue',113),(798813425,'aliquet nec,','894-8598 Nibh Rd.',114),(653133221,'at lacus.','Ap #618-483 Faucibus. St.',99),(211327138,'Integer urna.','878-1856 Risus. Rd.',29),(789830372,'Maecenas ornare','6431 Erat. Street',115),(723791278,'lacinia vitae,','P.O. Box 678, 4459 Lorem, Rd.',113),(719581035,'at risus.','671-2398 Orci. Street',131),(358222851,'enim. Mauris','506-3357 Enim Avenue',58);
--INSERT INTO Cafes.Cafe_Restaurante([NIF],[nome],[morada],[no_almocos]) VALUES(862486192,'mattis ornare,','Ap #903-404 Velit. St.',132),(971418125,'nunc sed','148-1773 Interdum. St.',194),(694977571,'nec tempus','9283 Non, Avenue',101),(248747427,'vel turpis.','Ap #897-9068 Sed St.',112),(183370700,'egestas. Aliquam','927 Scelerisque Avenue',134),(530245861,'Ut tincidunt','Ap #863-8812 Urna Av.',146),(813177521,'orci. Ut','7157 Eros Rd.',165),(427977540,'tempus risus.','243-4022 Mario Street',184),(472192179,'purus, in','Ap #707-404 Velit. St.',192),(998565502,'Nullam nisl.','508-302 Metus Street',179);


